,year,month,day,Price
0,87,5,20,18.63
1,87,5,21,18.45
2,87,5,22,18.55
3,87,5,25,18.6
4,87,5,26,18.63
5,87,5,27,18.6
6,87,5,28,18.6
7,87,5,29,18.58
8,87,6,1,18.65
9,87,6,2,18.68
10,87,6,3,18.75
11,87,6,4,18.78
12,87,6,5,18.65
13,87,6,8,18.75
14,87,6,9,18.78
15,87,6,10,18.78
16,87,6,11,18.68
17,87,6,12,18.78
18,87,6,16,18.9
19,87,6,17,19.03
20,87,6,18,19.05
21,87,6,19,19.05
22,87,6,22,19.1
23,87,6,23,18.9
24,87,6,24,18.75
25,87,6,25,18.7
26,87,6,26,19.08
27,87,6,29,19.15
28,87,6,30,19.08
29,87,7,1,18.98
30,87,7,2,19.25
31,87,7,3,19.33
32,87,7,6,19.48
33,87,7,7,19.5
34,87,7,8,19.48
35,87,7,9,19.68
36,87,7,10,19.73
37,87,7,13,19.83
38,87,7,14,19.88
39,87,7,15,20.28
40,87,7,16,20.4
41,87,7,17,20.63
42,87,7,20,20.55
43,87,7,21,20.35
44,87,7,22,20.33
45,87,7,23,20.15
46,87,7,24,19.58
47,87,7,27,19.3
48,87,7,28,19.78
49,87,7,29,19.98
50,87,7,30,20.2
51,87,7,31,20.03
52,87,8,3,20.95
53,87,8,4,20.65
54,87,8,5,19.8
55,87,8,6,19.75
56,87,8,7,19.65
57,87,8,10,19.43
58,87,8,11,19.45
59,87,8,12,19.5
60,87,8,13,19.4
61,87,8,14,19.25
62,87,8,17,18.85
63,87,8,18,18.75
64,87,8,19,18.5
65,87,8,20,18.3
66,87,8,21,18.1
67,87,8,24,17.48
68,87,8,25,17.55
69,87,8,26,18.1
70,87,8,27,18.28
71,87,8,28,18.2
72,87,8,31,18.63
73,87,9,1,18.43
74,87,9,2,18.4
75,87,9,3,18.18
76,87,9,4,18.13
77,87,9,7,17.6
78,87,9,8,17.68
79,87,9,9,17.9
80,87,9,10,18.3
81,87,9,11,18.18
82,87,9,14,18.15
83,87,9,15,18.53
84,87,9,16,18.53
85,87,9,17,18.43
86,87,9,18,18.3
87,87,9,21,18.28
88,87,9,22,18.48
89,87,9,23,18.48
90,87,9,24,18.68
91,87,9,25,18.6
92,87,9,28,18.65
93,87,9,29,18.5
94,87,9,30,18.48
95,87,10,1,18.5
96,87,10,2,18.65
97,87,10,5,18.78
98,87,10,6,18.6
99,87,10,7,18.58
100,87,10,8,18.63
101,87,10,9,18.6
102,87,10,12,18.55
103,87,10,13,18.55
104,87,10,14,18.68
105,87,10,15,18.68
106,87,10,16,19.0
107,87,10,19,19.1
108,87,10,20,18.78
109,87,10,21,18.93
110,87,10,22,19.13
111,87,10,23,18.98
112,87,10,26,18.75
113,87,10,27,18.8
114,87,10,28,18.85
115,87,10,29,18.75
116,87,10,30,18.8
117,87,11,2,18.63
118,87,11,3,18.38
119,87,11,4,17.93
120,87,11,5,17.85
121,87,11,6,17.95
122,87,11,9,17.5
123,87,11,10,17.75
124,87,11,11,17.8
125,87,11,12,17.85
126,87,11,13,17.8
127,87,11,16,17.68
128,87,11,17,17.4
129,87,11,18,17.18
130,87,11,19,17.48
131,87,11,20,17.6
132,87,11,23,17.9
133,87,11,24,17.83
134,87,11,25,17.68
135,87,11,26,17.73
136,87,11,27,17.78
137,87,11,30,17.7
138,87,12,1,17.65
139,87,12,2,17.7
140,87,12,3,17.93
141,87,12,4,18.0
142,87,12,7,17.78
143,87,12,8,17.58
144,87,12,9,17.43
145,87,12,10,17.55
146,87,12,11,17.73
147,87,12,14,16.8
148,87,12,15,16.2
149,87,12,16,15.93
150,87,12,17,15.03
151,87,12,18,15.6
152,87,12,21,15.4
153,87,12,22,16.7
154,87,12,23,17.25
155,87,12,24,17.1
156,87,12,28,17.0
157,87,12,29,17.38
158,87,12,30,17.85
159,87,12,31,17.6
160,88,1,4,17.95
161,88,1,5,17.08
162,88,1,6,17.9
163,88,1,8,16.88
164,88,1,11,16.65
165,88,1,12,15.95
166,88,1,13,16.38
167,88,1,14,16.55
168,88,1,15,16.65
169,88,1,18,16.83
170,88,1,19,17.1
171,88,1,20,16.83
172,88,1,21,17.08
173,88,1,22,16.7
174,88,1,25,16.45
175,88,1,27,16.13
176,88,1,28,16.1
177,88,1,29,16.28
178,88,2,1,16.1
179,88,2,2,16.18
180,88,2,3,16.15
181,88,2,4,16.18
182,88,2,5,16.1
183,88,2,8,16.5
184,88,2,9,16.4
185,88,2,10,16.13
186,88,2,11,16.1
187,88,2,12,15.75
188,88,2,15,15.68
189,88,2,16,15.63
190,88,2,17,15.85
191,88,2,18,15.48
192,88,2,19,15.55
193,88,2,22,15.38
194,88,2,23,15.58
195,88,2,24,15.35
196,88,2,25,14.85
197,88,2,26,14.65
198,88,2,29,14.73
199,88,3,1,14.18
200,88,3,2,13.8
201,88,3,3,14.0
202,88,3,4,14.0
203,88,3,7,13.9
204,88,3,8,13.8
205,88,3,9,13.98
206,88,3,10,14.48
207,88,3,11,14.88
208,88,3,14,14.28
209,88,3,15,14.3
210,88,3,16,14.45
211,88,3,17,14.43
212,88,3,18,14.93
213,88,3,21,15.38
214,88,3,22,15.03
215,88,3,23,15.4
216,88,3,24,15.65
217,88,3,25,15.45
218,88,3,28,15.55
219,88,3,29,15.6
220,88,3,30,15.7
221,88,3,31,15.65
222,88,4,5,15.5
223,88,4,6,15.38
224,88,4,7,15.53
225,88,4,8,15.55
226,88,4,11,16.2
227,88,4,12,16.48
228,88,4,13,16.55
229,88,4,14,16.65
230,88,4,15,16.85
231,88,4,18,17.45
232,88,4,19,17.05
233,88,4,20,16.78
234,88,4,21,17.0
235,88,4,22,17.15
236,88,4,25,17.13
237,88,4,26,17.18
238,88,4,27,17.4
239,88,4,28,16.88
240,88,4,29,16.6
241,88,5,2,15.95
242,88,5,3,16.08
243,88,5,4,16.15
244,88,5,5,16.15
245,88,5,6,16.45
246,88,5,9,16.5
247,88,5,10,16.38
248,88,5,11,16.48
249,88,5,12,16.4
250,88,5,13,16.5
251,88,5,16,16.6
252,88,5,17,16.6
253,88,5,18,16.4
254,88,5,19,16.25
255,88,5,20,16.45
256,88,5,23,16.23
257,88,5,24,16.3
258,88,5,25,16.18
259,88,5,26,16.18
260,88,5,27,16.25
261,88,5,30,16.23
262,88,5,31,16.2
263,88,6,1,16.33
264,88,6,2,16.33
265,88,6,3,16.45
266,88,6,6,16.25
267,88,6,7,16.23
268,88,6,8,16.28
269,88,6,9,16.3
270,88,6,10,15.85
271,88,6,13,15.53
272,88,6,14,15.85
273,88,6,15,15.7
274,88,6,16,15.43
275,88,6,17,15.48
276,88,6,20,15.0
277,88,6,21,15.0
278,88,6,22,15.13
279,88,6,23,15.18
280,88,6,24,15.15
281,88,6,27,14.93
282,88,6,28,14.83
283,88,6,29,14.55
284,88,6,30,14.18
285,88,7,1,13.95
286,88,7,4,14.05
287,88,7,5,13.98
288,88,7,6,14.5
289,88,7,7,15.5
290,88,7,8,15.05
291,88,7,11,14.63
292,88,7,12,14.0
293,88,7,13,14.1
294,88,7,14,14.1
295,88,7,15,14.25
296,88,7,18,15.0
297,88,7,19,14.93
298,88,7,20,15.48
299,88,7,21,15.63
300,88,7,22,15.83
301,88,7,25,15.8
302,88,7,26,15.38
303,88,7,27,15.45
304,88,7,28,15.7
305,88,7,29,15.75
306,88,8,1,15.6
307,88,8,2,15.35
308,88,8,3,15.0
309,88,8,4,14.5
310,88,8,5,14.85
311,88,8,8,15.48
312,88,8,9,15.4
313,88,8,10,15.1
314,88,8,11,15.13
315,88,8,12,14.98
316,88,8,15,14.8
317,88,8,16,14.85
318,88,8,17,14.75
319,88,8,18,14.78
320,88,8,19,14.85
321,88,8,22,15.03
322,88,8,23,14.8
323,88,8,24,14.85
324,88,8,25,14.63
325,88,8,26,14.5
326,88,8,29,14.48
327,88,8,30,14.45
328,88,8,31,14.4
329,88,9,1,14.15
330,88,9,2,14.0
331,88,9,5,13.68
332,88,9,6,13.35
333,88,9,7,13.18
334,88,9,8,13.3
335,88,9,9,13.25
336,88,9,12,12.7
337,88,9,13,13.4
338,88,9,14,13.9
339,88,9,15,13.5
340,88,9,16,13.23
341,88,9,19,12.85
342,88,9,20,13.15
343,88,9,21,13.05
344,88,9,22,13.2
345,88,9,23,13.2
346,88,9,26,13.1
347,88,9,27,12.58
348,88,9,28,12.75
349,88,9,29,12.5
350,88,9,30,11.93
351,88,10,3,11.6
352,88,10,4,11.65
353,88,10,5,11.2
354,88,10,6,11.3
355,88,10,7,11.35
356,88,10,10,12.2
357,88,10,11,12.35
358,88,10,12,12.45
359,88,10,13,12.55
360,88,10,14,13.2
361,88,10,17,13.55
362,88,10,18,12.9
363,88,10,19,13.35
364,88,10,20,13.5
365,88,10,21,13.48
366,88,10,24,12.2
367,88,10,25,12.08
368,88,10,26,12.08
369,88,10,27,12.33
370,88,10,28,12.6
371,88,10,31,12.6
372,88,11,1,12.18
373,88,11,2,12.35
374,88,11,3,12.5
375,88,11,4,12.75
376,88,11,7,12.75
377,88,11,8,12.6
378,88,11,9,12.7
379,88,11,10,13.03
380,88,11,11,13.03
381,88,11,14,13.0
382,88,11,15,13.0
383,88,11,16,12.7
384,88,11,17,12.05
385,88,11,18,12.08
386,88,11,21,12.13
387,88,11,22,13.35
388,88,11,23,13.33
389,88,11,24,12.98
390,88,11,25,14.7
391,88,11,28,14.73
392,88,11,29,14.25
393,88,11,30,14.35
394,88,12,1,14.93
395,88,12,2,14.8
396,88,12,5,14.73
397,88,12,6,14.4
398,88,12,7,14.7
399,88,12,8,15.05
400,88,12,9,14.9
401,88,12,12,15.2
402,88,12,13,15.18
403,88,12,14,15.35
404,88,12,15,15.58
405,88,12,16,15.6
406,88,12,19,15.3
407,88,12,20,15.28
408,88,12,21,15.33
409,88,12,22,15.25
410,88,12,23,15.38
411,88,12,27,16.25
412,88,12,28,16.1
413,88,12,29,15.9
414,88,12,30,16.23
415,89,1,3,16.4
416,89,1,4,16.53
417,89,1,5,16.58
418,89,1,6,16.85
419,89,1,9,17.0
420,89,1,10,16.75
421,89,1,11,16.9
422,89,1,12,16.85
423,89,1,13,17.4
424,89,1,16,17.5
425,89,1,17,17.78
426,89,1,18,17.95
427,89,1,19,18.1
428,89,1,20,18.15
429,89,1,23,16.98
430,89,1,24,17.05
431,89,1,25,17.7
432,89,1,26,17.73
433,89,1,27,17.18
434,89,1,30,16.85
435,89,1,31,16.38
436,89,2,1,16.4
437,89,2,2,16.95
438,89,2,3,16.75
439,89,2,6,16.5
440,89,2,7,16.6
441,89,2,8,16.75
442,89,2,9,16.58
443,89,2,10,16.4
444,89,2,13,16.5
445,89,2,14,16.83
446,89,2,15,16.75
447,89,2,16,17.15
448,89,2,17,17.15
449,89,2,20,17.38
450,89,2,21,17.2
451,89,2,22,16.95
452,89,2,23,17.1
453,89,2,24,17.05
454,89,2,27,17.55
455,89,2,28,17.23
456,89,3,1,17.25
457,89,3,2,17.45
458,89,3,3,17.73
459,89,3,6,17.73
460,89,3,7,17.55
461,89,3,8,17.55
462,89,3,9,17.8
463,89,3,10,17.63
464,89,3,13,18.1
465,89,3,14,18.63
466,89,3,15,19.08
467,89,3,16,18.95
468,89,3,17,19.3
469,89,3,20,19.18
470,89,3,21,19.63
471,89,3,22,19.6
472,89,3,23,19.93
473,89,3,28,19.73
474,89,3,29,19.45
475,89,3,30,20.0
476,89,3,31,20.45
477,89,4,3,19.65
478,89,4,4,19.9
479,89,4,5,19.75
480,89,4,6,19.08
481,89,4,7,19.4
482,89,4,10,19.6
483,89,4,11,19.95
484,89,4,12,19.85
485,89,4,13,19.95
486,89,4,14,19.63
487,89,4,17,19.88
488,89,4,18,20.2
489,89,4,19,21.5
490,89,4,20,22.25
491,89,4,21,21.6
492,89,4,24,21.2
493,89,4,25,21.15
494,89,4,26,21.05
495,89,4,27,20.65
496,89,4,28,20.15
497,89,5,2,19.15
498,89,5,3,18.88
499,89,5,4,19.7
500,89,5,5,19.4
501,89,5,8,18.8
502,89,5,9,19.03
503,89,5,10,18.88
504,89,5,11,19.3
505,89,5,12,19.2
506,89,5,15,19.2
507,89,5,16,19.8
508,89,5,17,18.58
509,89,5,18,18.6
510,89,5,19,18.3
511,89,5,22,17.4
512,89,5,23,17.7
513,89,5,24,18.15
514,89,5,25,18.2
515,89,5,26,17.65
516,89,5,29,17.73
517,89,5,30,18.03
518,89,5,31,18.25
519,89,6,1,18.08
520,89,6,2,18.15
521,89,6,5,18.55
522,89,6,6,18.5
523,89,6,7,18.15
524,89,6,8,17.8
525,89,6,9,17.95
526,89,6,12,17.18
527,89,6,13,16.8
528,89,6,14,16.9
529,89,6,15,16.95
530,89,6,16,16.65
531,89,6,19,16.85
532,89,6,20,16.88
533,89,6,21,17.13
534,89,6,22,17.3
535,89,6,23,18.03
536,89,6,26,18.23
537,89,6,27,18.2
538,89,6,28,18.0
539,89,6,29,18.2
540,89,6,30,18.28
541,89,7,3,18.4
542,89,7,4,18.6
543,89,7,5,18.75
544,89,7,6,18.3
545,89,7,7,17.85
546,89,7,10,17.83
547,89,7,11,17.63
548,89,7,12,17.65
549,89,7,13,17.6
550,89,7,14,17.9
551,89,7,17,18.05
552,89,7,18,18.05
553,89,7,19,17.85
554,89,7,20,17.98
555,89,7,21,17.83
556,89,7,24,17.3
557,89,7,25,17.05
558,89,7,26,16.5
559,89,7,27,16.28
560,89,7,28,16.38
561,89,7,31,16.3
562,89,8,1,16.23
563,89,8,2,16.1
564,89,8,3,16.4
565,89,8,4,16.15
566,89,8,7,16.05
567,89,8,8,16.28
568,89,8,9,16.45
569,89,8,10,16.93
570,89,8,11,17.0
571,89,8,14,16.85
572,89,8,15,17.0
573,89,8,16,17.0
574,89,8,17,16.95
575,89,8,18,16.83
576,89,8,21,16.9
577,89,8,22,17.1
578,89,8,23,17.08
579,89,8,24,17.05
580,89,8,25,16.95
581,89,8,28,16.98
582,89,8,29,17.1
583,89,8,30,17.13
584,89,8,31,17.2
585,89,9,1,17.33
586,89,9,4,17.43
587,89,9,5,17.45
588,89,9,6,17.8
589,89,9,7,17.8
590,89,9,8,17.83
591,89,9,11,17.98
592,89,9,12,17.9
593,89,9,13,18.05
594,89,9,14,17.9
595,89,9,15,17.88
596,89,9,18,18.05
597,89,9,19,17.9
598,89,9,20,17.8
599,89,9,21,17.85
600,89,9,22,17.53
601,89,9,25,17.45
602,89,9,26,17.45
603,89,9,27,17.55
604,89,9,28,17.93
605,89,9,29,18.23
606,89,10,2,18.58
607,89,10,3,18.73
608,89,10,4,18.78
609,89,10,5,18.43
610,89,10,6,18.45
611,89,10,9,18.25
612,89,10,10,18.55
613,89,10,11,18.85
614,89,10,12,19.23
615,89,10,13,19.6
616,89,10,16,19.38
617,89,10,17,19.53
618,89,10,18,19.43
619,89,10,19,19.33
620,89,10,20,19.2
621,89,10,23,18.88
622,89,10,24,18.8
623,89,10,25,18.88
624,89,10,26,18.48
625,89,10,27,18.7
626,89,10,30,18.98
627,89,10,31,18.93
628,89,11,1,19.23
629,89,11,2,19.2
630,89,11,3,19.0
631,89,11,6,18.95
632,89,11,7,18.9
633,89,11,8,18.9
634,89,11,9,18.85
635,89,11,10,19.05
636,89,11,13,18.85
637,89,11,14,18.7
638,89,11,15,18.65
639,89,11,16,18.65
640,89,11,17,18.75
641,89,11,20,18.8
642,89,11,21,18.68
643,89,11,22,18.6
644,89,11,23,18.4
645,89,11,24,18.48
646,89,11,27,18.5
647,89,11,28,18.23
648,89,11,29,18.15
649,89,11,30,18.48
650,89,12,1,18.68
651,89,12,4,19.28
652,89,12,5,19.18
653,89,12,6,19.28
654,89,12,7,19.33
655,89,12,8,19.15
656,89,12,11,19.45
657,89,12,12,19.53
658,89,12,13,19.78
659,89,12,14,19.68
660,89,12,15,19.68
661,89,12,18,19.98
662,89,12,19,20.28
663,89,12,20,20.23
664,89,12,21,20.13
665,89,12,22,20.5
666,89,12,27,20.9
667,89,12,28,20.85
668,89,12,29,21.05
669,90,1,2,21.2
670,90,1,3,22.65
671,90,1,4,22.5
672,90,1,5,23.13
673,90,1,8,21.38
674,90,1,9,21.03
675,90,1,10,21.95
676,90,1,11,21.88
677,90,1,12,22.13
678,90,1,15,21.6
679,90,1,16,21.15
680,90,1,17,20.45
681,90,1,18,20.78
682,90,1,19,21.28
683,90,1,22,20.88
684,90,1,23,20.23
685,90,1,24,20.18
686,90,1,25,20.55
687,90,1,26,20.63
688,90,1,29,20.73
689,90,1,30,20.73
690,90,1,31,20.5
691,90,2,1,20.58
692,90,2,2,20.73
693,90,2,5,20.73
694,90,2,6,20.6
695,90,2,7,20.15
696,90,2,8,20.05
697,90,2,9,19.75
698,90,2,12,19.68
699,90,2,13,20.03
700,90,2,14,19.6
701,90,2,15,19.9
702,90,2,16,19.88
703,90,2,19,19.95
704,90,2,20,19.68
705,90,2,21,19.5
706,90,2,22,19.35
707,90,2,23,18.78
708,90,2,26,18.9
709,90,2,27,19.23
710,90,2,28,19.2
711,90,3,1,19.33
712,90,3,2,19.18
713,90,3,5,19.15
714,90,3,6,19.18
715,90,3,7,18.95
716,90,3,8,18.73
717,90,3,9,18.68
718,90,3,12,18.3
719,90,3,13,18.53
720,90,3,14,18.33
721,90,3,15,18.48
722,90,3,16,18.4
723,90,3,19,17.83
724,90,3,20,17.75
725,90,3,21,17.78
726,90,3,22,17.83
727,90,3,23,17.88
728,90,3,26,18.23
729,90,3,27,18.1
730,90,3,28,18.03
731,90,3,29,17.9
732,90,3,30,17.95
733,90,4,2,18.18
734,90,4,3,18.2
735,90,4,4,17.95
736,90,4,5,17.55
737,90,4,6,17.1
738,90,4,9,16.53
739,90,4,10,15.93
740,90,4,11,15.3
741,90,4,12,15.8
742,90,4,17,15.7
743,90,4,18,15.33
744,90,4,19,16.13
745,90,4,20,16.35
746,90,4,23,16.95
747,90,4,24,16.75
748,90,4,25,16.5
749,90,4,26,16.6
750,90,4,27,16.43
751,90,4,30,16.35
752,90,5,1,16.43
753,90,5,2,16.58
754,90,5,3,15.93
755,90,5,4,15.58
756,90,5,7,15.65
757,90,5,8,16.18
758,90,5,9,16.45
759,90,5,10,16.7
760,90,5,11,16.73
761,90,5,14,17.4
762,90,5,15,17.4
763,90,5,16,17.25
764,90,5,17,17.05
765,90,5,18,17.08
766,90,5,21,16.65
767,90,5,22,16.48
768,90,5,23,15.7
769,90,5,24,15.8
770,90,5,25,15.95
771,90,5,29,15.48
772,90,5,30,15.98
773,90,5,31,15.3
774,90,6,1,15.43
775,90,6,4,15.35
776,90,6,5,14.78
777,90,6,6,14.8
778,90,6,7,15.03
779,90,6,8,14.68
780,90,6,11,14.73
781,90,6,12,14.95
782,90,6,13,14.9
783,90,6,14,15.3
784,90,6,15,15.15
785,90,6,18,14.83
786,90,6,19,14.75
787,90,6,20,14.75
788,90,6,21,14.75
789,90,6,22,15.4
790,90,6,25,15.58
791,90,6,26,15.58
792,90,6,27,15.33
793,90,6,28,15.4
794,90,6,29,15.73
795,90,7,2,15.4
796,90,7,3,15.48
797,90,7,4,15.48
798,90,7,5,15.23
799,90,7,6,15.35
800,90,7,9,14.98
801,90,7,10,15.58
802,90,7,11,15.7
803,90,7,12,15.88
804,90,7,13,17.03
805,90,7,16,17.7
806,90,7,17,17.58
807,90,7,18,17.7
808,90,7,19,17.85
809,90,7,20,18.0
810,90,7,23,18.73
811,90,7,24,19.08
812,90,7,25,19.0
813,90,7,26,18.73
814,90,7,27,19.03
815,90,7,30,18.98
816,90,7,31,19.23
817,90,8,1,19.93
818,90,8,2,22.25
819,90,8,3,24.13
820,90,8,6,27.28
821,90,8,7,27.35
822,90,8,8,25.15
823,90,8,9,25.9
824,90,8,10,26.3
825,90,8,13,26.63
826,90,8,14,27.1
827,90,8,15,26.53
828,90,8,16,27.2
829,90,8,17,28.45
830,90,8,20,28.9
831,90,8,21,29.05
832,90,8,22,30.45
833,90,8,23,32.35
834,90,8,24,31.65
835,90,8,27,27.65
836,90,8,28,27.65
837,90,8,29,27.65
838,90,8,30,27.5
839,90,8,31,27.8
840,90,9,3,30.53
841,90,9,4,30.08
842,90,9,5,31.23
843,90,9,6,32.15
844,90,9,7,31.45
845,90,9,10,31.45
846,90,9,11,32.1
847,90,9,12,31.28
848,90,9,13,31.88
849,90,9,14,33.35
850,90,9,17,34.9
851,90,9,18,35.95
852,90,9,19,35.08
853,90,9,20,35.65
854,90,9,21,36.95
855,90,9,24,40.75
856,90,9,25,39.9
857,90,9,26,40.85
858,90,9,27,41.45
859,90,9,28,41.0
860,90,10,1,38.95
861,90,10,2,35.45
862,90,10,3,37.55
863,90,10,4,37.2
864,90,10,5,39.05
865,90,10,8,39.2
866,90,10,9,40.9
867,90,10,10,40.2
868,90,10,11,41.15
869,90,10,12,39.9
870,90,10,15,38.28
871,90,10,16,38.93
872,90,10,17,35.33
873,90,10,18,35.65
874,90,10,19,33.2
875,90,10,22,27.45
876,90,10,23,28.95
877,90,10,24,30.1
878,90,10,25,32.9
879,90,10,26,33.73
880,90,10,29,34.65
881,90,10,30,35.5
882,90,10,31,34.3
883,90,11,1,35.65
884,90,11,2,35.05
885,90,11,5,33.8
886,90,11,6,33.2
887,90,11,7,34.55
888,90,11,8,34.85
889,90,11,9,34.25
890,90,11,12,32.85
891,90,11,13,33.65
892,90,11,14,31.95
893,90,11,15,32.2
894,90,11,16,30.55
895,90,11,19,30.85
896,90,11,20,30.1
897,90,11,21,30.65
898,90,11,22,31.4
899,90,11,23,32.05
900,90,11,26,35.1
901,90,11,27,34.83
902,90,11,28,34.1
903,90,11,29,34.65
904,90,11,30,31.2
905,90,12,3,31.25
906,90,12,4,31.5
907,90,12,5,30.2
908,90,12,6,27.35
909,90,12,7,28.3
910,90,12,10,28.75
911,90,12,11,28.03
912,90,12,12,27.28
913,90,12,13,27.8
914,90,12,14,28.45
915,90,12,17,28.2
916,90,12,18,27.55
917,90,12,19,28.13
918,90,12,20,27.55
919,90,12,21,26.9
920,90,12,24,27.7
921,90,12,26,27.7
922,90,12,27,27.05
923,90,12,28,27.43
924,90,12,31,28.35
925,91,1,2,26.78
926,91,1,3,25.05
927,91,1,4,24.08
928,91,1,7,25.93
929,91,1,8,25.73
930,91,1,9,22.35
931,91,1,10,26.58
932,91,1,11,26.05
933,91,1,14,29.55
934,91,1,15,29.25
935,91,1,16,30.28
936,91,1,17,21.1
937,91,1,18,19.1
938,91,1,21,19.25
939,91,1,22,20.73
940,91,1,23,22.15
941,91,1,24,20.9
942,91,1,25,20.8
943,91,1,28,20.4
944,91,1,29,20.75
945,91,1,30,20.95
946,91,1,31,20.7
947,91,2,1,20.8
948,91,2,4,20.45
949,91,2,5,20.2
950,91,2,6,20.93
951,91,2,7,20.9
952,91,2,8,20.65
953,91,2,11,21.23
954,91,2,12,21.1
955,91,2,13,21.0
956,91,2,14,20.5
957,91,2,15,18.35
958,91,2,18,17.68
959,91,2,19,17.85
960,91,2,20,18.75
961,91,2,21,18.55
962,91,2,22,17.8
963,91,2,25,17.83
964,91,2,26,18.0
965,91,2,27,18.65
966,91,2,28,19.5
967,91,3,1,19.33
968,91,3,4,20.2
969,91,3,5,20.05
970,91,3,6,19.85
971,91,3,7,19.65
972,91,3,8,19.1
973,91,3,11,18.6
974,91,3,12,18.43
975,91,3,13,20.33
976,91,3,14,19.98
977,91,3,15,19.05
978,91,3,18,18.3
979,91,3,19,18.95
980,91,3,20,18.98
981,91,3,21,18.8
982,91,3,22,18.95
983,91,3,25,18.6
984,91,3,26,18.35
985,91,3,27,18.15
986,91,3,28,18.0
987,91,4,1,18.0
988,91,4,2,17.63
989,91,4,3,17.75
990,91,4,4,18.0
991,91,4,5,18.35
992,91,4,8,18.58
993,91,4,9,18.6
994,91,4,10,19.25
995,91,4,11,19.5
996,91,4,12,19.93
997,91,4,15,20.23
998,91,4,16,19.9
999,91,4,17,19.85
1000,91,4,18,19.4
1001,91,4,19,19.18
1002,91,4,22,19.78
1003,91,4,23,19.6
1004,91,4,24,19.55
1005,91,4,25,19.6
1006,91,4,26,19.63
1007,91,4,29,19.95
1008,91,4,30,19.7
1009,91,5,1,19.7
1010,91,5,2,19.7
1011,91,5,3,19.55
1012,91,5,6,19.8
1013,91,5,7,19.85
1014,91,5,8,19.8
1015,91,5,9,20.08
1016,91,5,10,19.53
1017,91,5,13,19.25
1018,91,5,14,18.95
1019,91,5,15,18.8
1020,91,5,16,18.75
1021,91,5,17,18.75
1022,91,5,20,18.9
1023,91,5,21,19.03
1024,91,5,22,18.58
1025,91,5,23,18.78
1026,91,5,24,18.83
1027,91,5,28,19.0
1028,91,5,29,18.75
1029,91,5,30,18.73
1030,91,5,31,19.0
1031,91,6,3,19.0
1032,91,6,4,18.83
1033,91,6,5,18.63
1034,91,6,6,18.03
1035,91,6,7,18.28
1036,91,6,10,18.0
1037,91,6,11,17.85
1038,91,6,12,17.73
1039,91,6,13,18.0
1040,91,6,14,17.7
1041,91,6,17,17.85
1042,91,6,18,18.0
1043,91,6,19,17.88
1044,91,6,20,18.15
1045,91,6,21,18.43
1046,91,6,24,18.18
1047,91,6,25,18.15
1048,91,6,26,18.1
1049,91,6,27,18.08
1050,91,6,28,18.48
1051,91,7,1,18.53
1052,91,7,2,18.55
1053,91,7,3,18.5
1054,91,7,4,18.48
1055,91,7,5,18.7
1056,91,7,8,18.98
1057,91,7,9,19.03
1058,91,7,10,19.23
1059,91,7,11,19.2
1060,91,7,12,19.78
1061,91,7,15,19.6
1062,91,7,16,19.83
1063,91,7,17,20.13
1064,91,7,18,20.28
1065,91,7,19,20.28
1066,91,7,22,20.08
1067,91,7,23,19.58
1068,91,7,24,19.33
1069,91,7,25,19.6
1070,91,7,26,19.73
1071,91,7,29,19.58
1072,91,7,30,19.48
1073,91,7,31,19.65
1074,91,8,1,19.73
1075,91,8,2,19.4
1076,91,8,5,19.5
1077,91,8,6,19.45
1078,91,8,7,19.35
1079,91,8,8,19.7
1080,91,8,9,19.58
1081,91,8,12,19.63
1082,91,8,13,19.5
1083,91,8,14,19.23
1084,91,8,15,19.25
1085,91,8,16,19.35
1086,91,8,19,20.55
1087,91,8,20,20.98
1088,91,8,21,19.55
1089,91,8,22,19.53
1090,91,8,23,19.85
1091,91,8,26,20.03
1092,91,8,27,20.03
1093,91,8,28,19.98
1094,91,8,29,20.3
1095,91,8,30,20.53
1096,91,9,2,20.65
1097,91,9,3,20.55
1098,91,9,4,20.25
1099,91,9,5,20.1
1100,91,9,6,20.13
1101,91,9,9,19.85
1102,91,9,10,19.93
1103,91,9,11,20.0
1104,91,9,12,20.25
1105,91,9,13,20.35
1106,91,9,16,20.53
1107,91,9,17,20.3
1108,91,9,18,20.53
1109,91,9,19,20.43
1110,91,9,20,20.55
1111,91,9,23,20.83
1112,91,9,24,20.75
1113,91,9,25,20.65
1114,91,9,26,21.0
1115,91,9,27,21.48
1116,91,9,30,21.43
1117,91,10,1,21.15
1118,91,10,2,21.3
1119,91,10,3,21.75
1120,91,10,4,21.83
1121,91,10,7,21.98
1122,91,10,8,21.95
1123,91,10,9,22.43
1124,91,10,10,22.13
1125,91,10,11,22.08
1126,91,10,14,22.6
1127,91,10,15,22.83
1128,91,10,16,22.6
1129,91,10,17,22.73
1130,91,10,18,23.0
1131,91,10,21,22.95
1132,91,10,22,22.65
1133,91,10,23,22.48
1134,91,10,24,22.25
1135,91,10,25,22.35
1136,91,10,28,21.9
1137,91,10,29,21.85
1138,91,10,30,21.95
1139,91,10,31,22.0
1140,91,11,1,22.53
1141,91,11,4,22.73
1142,91,11,5,22.53
1143,91,11,6,22.0
1144,91,11,7,21.85
1145,91,11,8,21.8
1146,91,11,11,21.45
1147,91,11,12,21.2
1148,91,11,13,21.5
1149,91,11,14,21.0
1150,91,11,15,21.63
1151,91,11,18,21.35
1152,91,11,19,21.08
1153,91,11,20,20.48
1154,91,11,21,20.73
1155,91,11,22,20.15
1156,91,11,25,19.78
1157,91,11,26,19.78
1158,91,11,27,19.65
1159,91,11,28,19.98
1160,91,11,29,20.08
1161,91,12,2,19.6
1162,91,12,3,19.2
1163,91,12,4,19.18
1164,91,12,5,19.15
1165,91,12,6,19.05
1166,91,12,9,18.25
1167,91,12,10,18.1
1168,91,12,11,18.28
1169,91,12,12,18.58
1170,91,12,13,19.05
1171,91,12,16,18.55
1172,91,12,17,18.13
1173,91,12,18,18.15
1174,91,12,19,18.15
1175,91,12,20,18.55
1176,91,12,23,17.6
1177,91,12,24,17.78
1178,91,12,26,17.78
1179,91,12,27,17.75
1180,91,12,30,18.0
1181,91,12,31,17.75
1182,92,1,2,18.45
1183,92,1,3,18.5
1184,92,1,6,18.75
1185,92,1,7,18.4
1186,92,1,8,17.3
1187,92,1,9,17.18
1188,92,1,10,17.23
1189,92,1,13,18.08
1190,92,1,14,18.23
1191,92,1,15,18.38
1192,92,1,16,18.68
1193,92,1,17,18.48
1194,92,1,20,18.45
1195,92,1,21,17.85
1196,92,1,22,17.83
1197,92,1,23,18.1
1198,92,1,24,18.33
1199,92,1,27,18.55
1200,92,1,28,18.43
1201,92,1,29,18.15
1202,92,1,30,18.1
1203,92,1,31,18.15
1204,92,2,3,18.35
1205,92,2,4,18.4
1206,92,2,5,18.48
1207,92,2,6,18.53
1208,92,2,7,18.58
1209,92,2,10,18.95
1210,92,2,11,18.48
1211,92,2,12,18.33
1212,92,2,13,18.53
1213,92,2,14,18.63
1214,92,2,17,17.65
1215,92,2,18,17.7
1216,92,2,19,17.5
1217,92,2,20,17.85
1218,92,2,21,18.0
1219,92,2,24,17.4
1220,92,2,25,17.43
1221,92,2,26,17.28
1222,92,2,27,17.55
1223,92,2,28,17.45
1224,92,3,2,17.35
1225,92,3,3,17.05
1226,92,3,4,17.28
1227,92,3,5,17.43
1228,92,3,6,17.3
1229,92,3,9,17.35
1230,92,3,10,17.35
1231,92,3,11,17.2
1232,92,3,12,17.35
1233,92,3,13,17.73
1234,92,3,16,17.73
1235,92,3,17,17.88
1236,92,3,18,17.65
1237,92,3,19,17.65
1238,92,3,20,17.75
1239,92,3,23,17.58
1240,92,3,24,17.65
1241,92,3,25,17.7
1242,92,3,26,17.98
1243,92,3,27,17.85
1244,92,3,30,17.98
1245,92,3,31,19.09
1246,92,4,1,18.38
1247,92,4,2,18.53
1248,92,4,3,18.63
1249,92,4,6,18.93
1250,92,4,7,18.93
1251,92,4,8,19.18
1252,92,4,9,18.95
1253,92,4,10,19.05
1254,92,4,13,19.03
1255,92,4,14,18.85
1256,92,4,15,18.6
1257,92,4,16,18.95
1258,92,4,20,18.95
1259,92,4,21,19.0
1260,92,4,22,18.73
1261,92,4,23,18.7
1262,92,4,24,18.9
1263,92,4,27,18.9
1264,92,4,28,19.18
1265,92,4,29,19.28
1266,92,4,30,19.65
1267,92,5,1,19.83
1268,92,5,4,19.88
1269,92,5,5,19.98
1270,92,5,6,19.68
1271,92,5,7,19.65
1272,92,5,8,19.63
1273,92,5,11,19.73
1274,92,5,12,19.8
1275,92,5,13,19.95
1276,92,5,14,19.75
1277,92,5,15,19.7
1278,92,5,18,19.7
1279,92,5,19,19.3
1280,92,5,20,19.28
1281,92,5,21,19.6
1282,92,5,22,19.58
1283,92,5,26,20.5
1284,92,5,27,20.8
1285,92,5,28,20.73
1286,92,5,29,20.7
1287,92,6,1,20.9
1288,92,6,2,20.85
1289,92,6,3,21.23
1290,92,6,4,21.08
1291,92,6,5,21.35
1292,92,6,8,21.25
1293,92,6,9,21.13
1294,92,6,10,21.05
1295,92,6,11,21.33
1296,92,6,12,21.28
1297,92,6,15,21.3
1298,92,6,16,21.13
1299,92,6,17,21.03
1300,92,6,18,21.23
1301,92,6,19,21.13
1302,92,6,22,20.83
1303,92,6,23,21.35
1304,92,6,24,21.55
1305,92,6,25,21.5
1306,92,6,26,21.3
1307,92,6,29,21.08
1308,92,6,30,20.6
1309,92,7,1,20.25
1310,92,7,2,20.53
1311,92,7,3,20.65
1312,92,7,6,20.45
1313,92,7,7,19.8
1314,92,7,8,19.7
1315,92,7,9,19.78
1316,92,7,10,20.0
1317,92,7,13,19.83
1318,92,7,14,19.98
1319,92,7,15,19.85
1320,92,7,16,20.23
1321,92,7,17,20.2
1322,92,7,20,19.95
1323,92,7,21,20.03
1324,92,7,22,20.23
1325,92,7,23,20.48
1326,92,7,24,20.6
1327,92,7,27,20.58
1328,92,7,28,20.78
1329,92,7,29,20.68
1330,92,7,30,20.48
1331,92,7,31,20.38
1332,92,8,3,20.33
1333,92,8,4,19.85
1334,92,8,5,19.68
1335,92,8,6,19.78
1336,92,8,7,19.75
1337,92,8,10,19.55
1338,92,8,11,19.48
1339,92,8,12,19.65
1340,92,8,13,19.83
1341,92,8,14,19.88
1342,92,8,17,19.95
1343,92,8,18,19.9
1344,92,8,19,19.8
1345,92,8,20,19.63
1346,92,8,21,19.68
1347,92,8,24,19.65
1348,92,8,25,19.68
1349,92,8,26,19.63
1350,92,8,27,19.5
1351,92,8,28,19.65
1352,92,8,31,19.65
1353,92,9,1,19.88
1354,92,9,2,20.0
1355,92,9,3,19.95
1356,92,9,4,20.03
1357,92,9,7,20.13
1358,92,9,8,20.3
1359,92,9,9,20.33
1360,92,9,10,20.3
1361,92,9,11,20.35
1362,92,9,14,20.68
1363,92,9,15,20.5
1364,92,9,16,20.43
1365,92,9,17,20.35
1366,92,9,18,20.3
1367,92,9,21,20.15
1368,92,9,22,20.33
1369,92,9,23,20.53
1370,92,9,24,20.43
1371,92,9,25,20.33
1372,92,9,28,20.28
1373,92,9,29,20.18
1374,92,9,30,20.18
1375,92,10,1,20.28
1376,92,10,2,20.4
1377,92,10,5,20.2
1378,92,10,6,20.23
1379,92,10,7,20.28
1380,92,10,8,20.48
1381,92,10,9,20.48
1382,92,10,12,20.8
1383,92,10,13,20.83
1384,92,10,14,20.68
1385,92,10,15,20.73
1386,92,10,16,20.78
1387,92,10,19,20.73
1388,92,10,20,20.68
1389,92,10,21,20.28
1390,92,10,22,20.13
1391,92,10,23,20.03
1392,92,10,26,19.78
1393,92,10,27,19.78
1394,92,10,28,19.65
1395,92,10,29,19.4
1396,92,10,30,19.13
1397,92,11,2,19.25
1398,92,11,3,19.35
1399,92,11,4,19.03
1400,92,11,5,19.2
1401,92,11,6,19.13
1402,92,11,9,19.1
1403,92,11,10,19.53
1404,92,11,11,19.4
1405,92,11,12,19.18
1406,92,11,13,19.05
1407,92,11,16,19.2
1408,92,11,17,19.15
1409,92,11,18,19.1
1410,92,11,19,19.48
1411,92,11,20,19.48
1412,92,11,23,19.15
1413,92,11,24,19.18
1414,92,11,25,19.28
1415,92,11,26,18.93
1416,92,11,27,19.08
1417,92,11,30,19.25
1418,92,12,1,18.65
1419,92,12,2,18.38
1420,92,12,3,18.2
1421,92,12,4,18.35
1422,92,12,7,18.25
1423,92,12,8,18.08
1424,92,12,9,17.8
1425,92,12,10,18.28
1426,92,12,11,18.2
1427,92,12,14,18.03
1428,92,12,15,17.8
1429,92,12,16,17.9
1430,92,12,17,18.18
1431,92,12,18,18.3
1432,92,12,21,18.33
1433,92,12,22,18.08
1434,92,12,23,18.23
1435,92,12,24,18.28
1436,92,12,29,17.93
1437,92,12,30,17.83
1438,92,12,31,17.85
1439,93,1,4,17.73
1440,93,1,5,17.48
1441,93,1,6,17.53
1442,93,1,7,17.58
1443,93,1,8,17.23
1444,93,1,11,17.28
1445,93,1,12,16.85
1446,93,1,13,16.85
1447,93,1,14,17.0
1448,93,1,15,17.28
1449,93,1,18,17.25
1450,93,1,19,16.98
1451,93,1,20,16.7
1452,93,1,21,16.88
1453,93,1,22,17.08
1454,93,1,25,17.58
1455,93,1,26,17.93
1456,93,1,27,17.88
1457,93,1,28,18.15
1458,93,1,29,18.48
1459,93,2,1,18.55
1460,93,2,2,18.4
1461,93,2,4,18.65
1462,93,2,5,18.7
1463,93,2,8,18.55
1464,93,2,9,18.33
1465,93,2,10,18.48
1466,93,2,11,18.43
1467,93,2,12,18.48
1468,93,2,15,17.98
1469,93,2,16,18.2
1470,93,2,17,17.93
1471,93,2,18,17.83
1472,93,2,19,18.3
1473,93,2,22,18.63
1474,93,2,23,18.88
1475,93,2,24,18.88
1476,93,2,25,18.83
1477,93,2,26,18.83
1478,93,3,1,19.03
1479,93,3,2,18.83
1480,93,3,3,18.93
1481,93,3,4,19.35
1482,93,3,5,19.6
1483,93,3,8,19.28
1484,93,3,9,19.23
1485,93,3,10,19.08
1486,93,3,11,18.7
1487,93,3,12,18.83
1488,93,3,15,18.88
1489,93,3,16,18.55
1490,93,3,17,18.6
1491,93,3,18,18.7
1492,93,3,19,18.58
1493,93,3,22,18.18
1494,93,3,23,18.23
1495,93,3,24,18.53
1496,93,3,25,18.6
1497,93,3,26,18.55
1498,93,3,29,18.65
1499,93,3,30,18.45
1500,93,3,31,18.7
1501,93,4,1,18.98
1502,93,4,2,18.88
1503,93,4,5,18.95
1504,93,4,6,18.65
1505,93,4,7,18.7
1506,93,4,8,18.53
1507,93,4,13,18.8
1508,93,4,14,18.73
1509,93,4,15,18.63
1510,93,4,16,18.5
1511,93,4,19,18.48
1512,93,4,20,18.53
1513,93,4,21,18.68
1514,93,4,22,18.48
1515,93,4,23,18.63
1516,93,4,26,18.63
1517,93,4,27,18.58
1518,93,4,28,18.48
1519,93,4,29,18.8
1520,93,4,30,18.85
1521,93,5,4,18.9
1522,93,5,5,18.85
1523,93,5,6,19.13
1524,93,5,7,18.98
1525,93,5,10,18.98
1526,93,5,11,18.83
1527,93,5,12,18.9
1528,93,5,13,18.7
1529,93,5,14,18.4
1530,93,5,17,18.28
1531,93,5,18,18.18
1532,93,5,19,18.13
1533,93,5,20,18.1
1534,93,5,21,18.05
1535,93,5,24,18.15
1536,93,5,25,18.15
1537,93,5,26,18.08
1538,93,5,27,18.43
1539,93,5,28,18.43
1540,93,6,1,18.48
1541,93,6,2,18.48
1542,93,6,3,18.15
1543,93,6,4,18.25
1544,93,6,7,18.0
1545,93,6,8,18.23
1546,93,6,9,18.23
1547,93,6,10,18.2
1548,93,6,11,17.63
1549,93,6,14,17.58
1550,93,6,15,17.3
1551,93,6,16,17.33
1552,93,6,17,17.23
1553,93,6,18,17.13
1554,93,6,21,17.18
1555,93,6,22,17.18
1556,93,6,23,17.18
1557,93,6,24,17.23
1558,93,6,25,17.23
1559,93,6,28,17.23
1560,93,6,29,17.48
1561,93,6,30,17.43
1562,93,7,1,16.98
1563,93,7,2,16.63
1564,93,7,5,16.88
1565,93,7,6,17.13
1566,93,7,7,16.9
1567,93,7,8,16.55
1568,93,7,9,16.53
1569,93,7,12,16.78
1570,93,7,13,16.95
1571,93,7,14,16.5
1572,93,7,15,16.48
1573,93,7,16,16.6
1574,93,7,19,16.58
1575,93,7,20,16.58
1576,93,7,21,16.73
1577,93,7,22,16.65
1578,93,7,23,16.85
1579,93,7,26,16.85
1580,93,7,27,16.85
1581,93,7,28,17.13
1582,93,7,29,17.08
1583,93,7,30,16.85
1584,93,8,2,16.85
1585,93,8,3,16.53
1586,93,8,4,16.63
1587,93,8,5,16.6
1588,93,8,6,16.38
1589,93,8,9,16.45
1590,93,8,10,16.3
1591,93,8,11,16.58
1592,93,8,12,16.78
1593,93,8,13,16.93
1594,93,8,16,16.8
1595,93,8,17,16.88
1596,93,8,18,16.63
1597,93,8,19,16.63
1598,93,8,20,16.68
1599,93,8,23,16.83
1600,93,8,24,16.93
1601,93,8,25,16.68
1602,93,8,26,16.75
1603,93,8,27,17.05
1604,93,8,31,16.73
1605,93,9,1,16.55
1606,93,9,2,16.5
1607,93,9,3,16.33
1608,93,9,6,16.23
1609,93,9,7,15.85
1610,93,9,8,15.65
1611,93,9,9,15.73
1612,93,9,10,15.43
1613,93,9,13,15.43
1614,93,9,14,15.58
1615,93,9,15,15.35
1616,93,9,16,15.43
1617,93,9,17,15.55
1618,93,9,20,16.03
1619,93,9,21,16.25
1620,93,9,22,15.88
1621,93,9,23,15.88
1622,93,9,24,16.1
1623,93,9,27,16.1
1624,93,9,28,16.4
1625,93,9,29,16.78
1626,93,9,30,17.23
1627,93,10,1,17.08
1628,93,10,4,16.9
1629,93,10,5,16.78
1630,93,10,6,16.98
1631,93,10,7,16.88
1632,93,10,8,16.98
1633,93,10,11,17.13
1634,93,10,12,17.15
1635,93,10,13,17.0
1636,93,10,14,16.8
1637,93,10,15,16.7
1638,93,10,18,16.5
1639,93,10,19,16.53
1640,93,10,20,16.68
1641,93,10,21,16.88
1642,93,10,22,16.48
1643,93,10,25,16.13
1644,93,10,26,15.95
1645,93,10,27,15.95
1646,93,10,28,15.83
1647,93,10,29,15.43
1648,93,11,1,15.83
1649,93,11,2,15.63
1650,93,11,3,15.83
1651,93,11,4,15.78
1652,93,11,5,15.73
1653,93,11,8,15.28
1654,93,11,9,15.33
1655,93,11,10,15.23
1656,93,11,11,15.18
1657,93,11,12,15.08
1658,93,11,15,15.25
1659,93,11,16,15.33
1660,93,11,17,15.55
1661,93,11,18,15.4
1662,93,11,19,15.25
1663,93,11,22,15.35
1664,93,11,23,15.25
1665,93,11,24,15.13
1666,93,11,25,14.35
1667,93,11,26,14.28
1668,93,11,29,14.05
1669,93,11,30,14.23
1670,93,12,1,14.43
1671,93,12,2,14.15
1672,93,12,3,13.95
1673,93,12,6,13.9
1674,93,12,7,13.88
1675,93,12,8,13.45
1676,93,12,9,13.6
1677,93,12,10,13.8
1678,93,12,13,13.9
1679,93,12,14,14.78
1680,93,12,15,13.8
1681,93,12,16,13.63
1682,93,12,17,13.85
1683,93,12,20,13.63
1684,93,12,21,13.45
1685,93,12,22,13.6
1686,93,12,23,13.55
1687,93,12,24,13.38
1688,93,12,29,13.13
1689,93,12,30,13.2
1690,93,12,31,13.18
1691,94,1,4,13.43
1692,94,1,5,14.1
1693,94,1,6,14.55
1694,94,1,7,14.63
1695,94,1,10,14.15
1696,94,1,11,14.1
1697,94,1,12,13.9
1698,94,1,13,13.75
1699,94,1,14,14.1
1700,94,1,17,14.4
1701,94,1,18,14.1
1702,94,1,19,14.25
1703,94,1,20,14.1
1704,94,1,21,14.23
1705,94,1,24,14.35
1706,94,1,25,14.63
1707,94,1,26,14.8
1708,94,1,27,14.78
1709,94,1,28,14.65
1710,94,1,31,14.83
1711,94,2,1,15.03
1712,94,2,2,15.4
1713,94,2,3,15.48
1714,94,2,4,14.93
1715,94,2,7,14.6
1716,94,2,8,14.13
1717,94,2,9,13.53
1718,94,2,10,13.58
1719,94,2,11,13.7
1720,94,2,14,13.4
1721,94,2,15,13.13
1722,94,2,16,13.08
1723,94,2,17,13.28
1724,94,2,18,13.0
1725,94,2,21,13.05
1726,94,2,22,13.2
1727,94,2,23,13.2
1728,94,2,24,13.4
1729,94,2,25,13.33
1730,94,2,28,13.59
1731,94,3,1,13.45
1732,94,3,2,13.5
1733,94,3,3,13.55
1734,94,3,4,13.43
1735,94,3,7,13.13
1736,94,3,8,13.15
1737,94,3,9,13.3
1738,94,3,10,13.23
1739,94,3,11,13.7
1740,94,3,14,14.03
1741,94,3,15,14.28
1742,94,3,16,14.3
1743,94,3,17,14.25
1744,94,3,18,14.05
1745,94,3,21,14.55
1746,94,3,22,14.8
1747,94,3,23,14.5
1748,94,3,24,14.53
1749,94,3,25,14.58
1750,94,3,28,13.75
1751,94,3,29,13.38
1752,94,3,30,13.23
1753,94,3,31,13.25
1754,94,4,5,14.33
1755,94,4,6,14.33
1756,94,4,7,14.4
1757,94,4,8,14.3
1758,94,4,11,14.73
1759,94,4,12,14.8
1760,94,4,13,15.0
1761,94,4,14,15.28
1762,94,4,15,15.23
1763,94,4,18,15.48
1764,94,4,19,15.13
1765,94,4,20,15.3
1766,94,4,21,15.63
1767,94,4,22,16.28
1768,94,4,25,16.38
1769,94,4,26,16.05
1770,94,4,27,15.75
1771,94,4,28,15.65
1772,94,4,29,15.35
1773,94,5,3,15.93
1774,94,5,4,15.95
1775,94,5,5,15.85
1776,94,5,6,16.25
1777,94,5,9,16.33
1778,94,5,10,16.25
1779,94,5,11,16.1
1780,94,5,12,16.25
1781,94,5,13,16.5
1782,94,5,16,16.23
1783,94,5,17,15.83
1784,94,5,18,15.98
1785,94,5,19,16.15
1786,94,5,20,16.23
1787,94,5,23,16.63
1788,94,5,24,16.63
1789,94,5,25,16.33
1790,94,5,26,16.08
1791,94,5,27,16.08
1792,94,5,31,16.18
1793,94,6,1,16.4
1794,94,6,2,16.35
1795,94,6,3,16.13
1796,94,6,6,16.18
1797,94,6,7,15.95
1798,94,6,8,15.65
1799,94,6,9,16.13
1800,94,6,10,16.38
1801,94,6,13,16.23
1802,94,6,14,16.4
1803,94,6,15,16.73
1804,94,6,16,16.88
1805,94,6,17,17.13
1806,94,6,20,17.38
1807,94,6,21,17.63
1808,94,6,22,17.48
1809,94,6,23,17.3
1810,94,6,24,17.4
1811,94,6,27,17.4
1812,94,6,28,16.98
1813,94,6,29,17.23
1814,94,6,30,17.45
1815,94,7,1,17.65
1816,94,7,4,17.5
1817,94,7,5,17.13
1818,94,7,6,16.9
1819,94,7,7,16.78
1820,94,7,8,17.0
1821,94,7,11,17.48
1822,94,7,12,18.25
1823,94,7,13,18.25
1824,94,7,14,18.33
1825,94,7,15,18.15
1826,94,7,18,17.5
1827,94,7,19,17.2
1828,94,7,20,17.35
1829,94,7,21,17.45
1830,94,7,22,17.58
1831,94,7,25,17.35
1832,94,7,26,17.43
1833,94,7,27,17.83
1834,94,7,28,18.0
1835,94,7,29,18.48
1836,94,8,1,19.03
1837,94,8,2,18.48
1838,94,8,3,18.48
1839,94,8,4,18.43
1840,94,8,5,17.78
1841,94,8,8,17.93
1842,94,8,9,17.68
1843,94,8,10,17.33
1844,94,8,11,17.5
1845,94,8,12,17.1
1846,94,8,15,16.75
1847,94,8,16,16.68
1848,94,8,17,16.28
1849,94,8,18,16.3
1850,94,8,19,16.13
1851,94,8,22,15.25
1852,94,8,23,15.3
1853,94,8,24,15.8
1854,94,8,25,15.75
1855,94,8,26,15.85
1856,94,8,30,15.78
1857,94,8,31,16.03
1858,94,9,1,16.03
1859,94,9,2,15.88
1860,94,9,5,15.6
1861,94,9,6,15.95
1862,94,9,7,16.03
1863,94,9,8,16.05
1864,94,9,9,15.93
1865,94,9,12,15.83
1866,94,9,13,15.48
1867,94,9,14,15.4
1868,94,9,15,15.25
1869,94,9,16,15.3
1870,94,9,19,15.45
1871,94,9,20,15.78
1872,94,9,21,15.8
1873,94,9,22,15.9
1874,94,9,23,16.3
1875,94,9,26,16.1
1876,94,9,27,16.1
1877,94,9,28,16.2
1878,94,9,29,16.6
1879,94,9,30,16.73
1880,94,10,3,16.85
1881,94,10,4,16.7
1882,94,10,5,16.5
1883,94,10,6,16.63
1884,94,10,7,16.93
1885,94,10,10,16.7
1886,94,10,11,16.38
1887,94,10,12,16.08
1888,94,10,13,15.63
1889,94,10,14,15.58
1890,94,10,17,15.75
1891,94,10,18,16.13
1892,94,10,19,16.28
1893,94,10,20,16.53
1894,94,10,21,16.35
1895,94,10,24,16.48
1896,94,10,25,16.48
1897,94,10,26,16.88
1898,94,10,27,17.08
1899,94,10,28,17.18
1900,94,10,31,17.18
1901,94,11,1,17.4
1902,94,11,2,17.58
1903,94,11,3,17.75
1904,94,11,4,18.0
1905,94,11,7,17.78
1906,94,11,8,17.38
1907,94,11,9,17.55
1908,94,11,10,17.2
1909,94,11,11,17.38
1910,94,11,14,17.25
1911,94,11,15,16.98
1912,94,11,16,16.8
1913,94,11,17,16.53
1914,94,11,18,16.45
1915,94,11,21,17.25
1916,94,11,22,17.2
1917,94,11,23,16.88
1918,94,11,24,16.95
1919,94,11,25,17.0
1920,94,11,28,16.95
1921,94,11,29,17.0
1922,94,11,30,16.95
1923,94,12,1,16.98
1924,94,12,2,16.35
1925,94,12,5,15.93
1926,94,12,6,16.05
1927,94,12,7,15.83
1928,94,12,8,16.13
1929,94,12,9,16.08
1930,94,12,12,15.98
1931,94,12,13,15.73
1932,94,12,14,15.83
1933,94,12,15,15.6
1934,94,12,16,15.48
1935,94,12,19,15.58
1936,94,12,20,15.73
1937,94,12,21,15.65
1938,94,12,22,15.6
1939,94,12,23,15.55
1940,94,12,28,16.08
1941,94,12,29,16.25
1942,94,12,30,16.23
1943,95,1,3,15.88
1944,95,1,4,15.93
1945,95,1,5,16.13
1946,95,1,6,16.35
1947,95,1,9,16.08
1948,95,1,10,16.0
1949,95,1,11,16.4
1950,95,1,12,16.48
1951,95,1,13,16.2
1952,95,1,16,16.38
1953,95,1,17,16.78
1954,95,1,18,16.95
1955,95,1,19,17.08
1956,95,1,20,17.23
1957,95,1,23,17.0
1958,95,1,24,17.15
1959,95,1,25,16.98
1960,95,1,26,16.73
1961,95,1,27,16.38
1962,95,1,30,16.68
1963,95,1,31,16.8
1964,95,2,1,17.05
1965,95,2,2,17.0
1966,95,2,3,17.4
1967,95,2,6,17.08
1968,95,2,7,17.05
1969,95,2,8,17.03
1970,95,2,9,16.85
1971,95,2,10,16.85
1972,95,2,13,16.88
1973,95,2,14,17.0
1974,95,2,15,17.1
1975,95,2,16,17.13
1976,95,2,17,17.4
1977,95,2,20,17.43
1978,95,2,21,17.18
1979,95,2,22,17.08
1980,95,2,23,17.1
1981,95,2,24,17.1
1982,95,2,27,17.35
1983,95,2,28,17.23
1984,95,3,1,16.85
1985,95,3,2,16.55
1986,95,3,3,16.68
1987,95,3,6,16.75
1988,95,3,7,16.85
1989,95,3,8,16.73
1990,95,3,9,16.65
1991,95,3,10,16.5
1992,95,3,13,16.3
1993,95,3,14,16.33
1994,95,3,15,16.38
1995,95,3,16,16.5
1996,95,3,17,16.55
1997,95,3,20,16.83
1998,95,3,21,16.8
1999,95,3,22,17.08
2000,95,3,23,17.48
2001,95,3,24,17.65
2002,95,3,27,17.83
2003,95,3,28,17.85
2004,95,3,29,18.05
2005,95,3,30,17.98
2006,95,3,31,17.98
2007,95,4,3,17.88
2008,95,4,4,18.03
2009,95,4,5,18.35
2010,95,4,6,18.5
2011,95,4,7,18.45
2012,95,4,10,18.15
2013,95,4,11,18.63
2014,95,4,12,18.73
2015,95,4,13,17.98
2016,95,4,18,18.55
2017,95,4,19,18.73
2018,95,4,20,19.15
2019,95,4,21,19.18
2020,95,4,24,19.05
2021,95,4,25,19.35
2022,95,4,26,18.9
2023,95,4,27,19.08
2024,95,4,28,18.98
2025,95,5,1,19.38
2026,95,5,2,18.83
2027,95,5,3,18.33
2028,95,5,4,18.68
2029,95,5,5,18.85
2030,95,5,8,18.78
2031,95,5,9,18.12
2032,95,5,10,18.1
2033,95,5,11,18.08
2034,95,5,12,18.23
2035,95,5,15,18.43
2036,95,5,16,18.53
2037,95,5,17,18.5
2038,95,5,18,18.23
2039,95,5,19,18.43
2040,95,5,22,18.38
2041,95,5,23,18.48
2042,95,5,24,18.55
2043,95,5,25,18.0
2044,95,5,26,17.8
2045,95,5,30,17.43
2046,95,5,31,17.58
2047,95,6,1,17.7
2048,95,6,2,17.9
2049,95,6,5,18.23
2050,95,6,6,17.95
2051,95,6,7,18.13
2052,95,6,8,17.93
2053,95,6,9,17.68
2054,95,6,12,17.63
2055,95,6,13,17.83
2056,95,6,14,17.63
2057,95,6,15,17.95
2058,95,6,16,17.75
2059,95,6,19,16.93
2060,95,6,20,16.98
2061,95,6,21,16.5
2062,95,6,22,16.55
2063,95,6,23,16.4
2064,95,6,26,16.55
2065,95,6,27,16.63
2066,95,6,28,16.95
2067,95,6,29,16.5
2068,95,6,30,16.58
2069,95,7,3,16.35
2070,95,7,4,15.93
2071,95,7,5,16.0
2072,95,7,6,16.15
2073,95,7,7,16.1
2074,95,7,10,15.88
2075,95,7,11,15.93
2076,95,7,12,16.03
2077,95,7,13,15.98
2078,95,7,14,15.8
2079,95,7,17,15.73
2080,95,7,18,15.68
2081,95,7,19,15.8
2082,95,7,20,15.68
2083,95,7,21,15.35
2084,95,7,24,15.38
2085,95,7,25,15.48
2086,95,7,26,16.0
2087,95,7,27,15.98
2088,95,7,28,15.93
2089,95,7,31,15.78
2090,95,8,1,16.1
2091,95,8,2,16.13
2092,95,8,3,15.99
2093,95,8,4,16.08
2094,95,8,7,15.9
2095,95,8,8,16.0
2096,95,8,9,16.13
2097,95,8,10,16.08
2098,95,8,11,16.23
2099,95,8,14,15.93
2100,95,8,15,15.85
2101,95,8,16,15.78
2102,95,8,17,15.85
2103,95,8,18,16.03
2104,95,8,21,16.25
2105,95,8,22,16.23
2106,95,8,23,16.5
2107,95,8,24,16.3
2108,95,8,25,16.15
2109,95,8,29,16.23
2110,95,8,30,16.18
2111,95,8,31,16.2
2112,95,9,1,16.25
2113,95,9,4,16.62
2114,95,9,5,16.68
2115,95,9,6,16.63
2116,95,9,7,16.6
2117,95,9,8,16.93
2118,95,9,11,16.75
2119,95,9,12,16.9
2120,95,9,13,16.85
2121,95,9,14,17.0
2122,95,9,15,17.18
2123,95,9,18,17.23
2124,95,9,19,17.23
2125,95,9,20,17.0
2126,95,9,21,16.6
2127,95,9,22,16.4
2128,95,9,25,16.18
2129,95,9,26,16.15
2130,95,9,27,16.28
2131,95,9,28,16.65
2132,95,9,29,16.58
2133,95,10,2,16.55
2134,95,10,3,16.58
2135,95,10,4,16.4
2136,95,10,5,15.85
2137,95,10,6,15.75
2138,95,10,9,16.0
2139,95,10,10,15.95
2140,95,10,11,16.05
2141,95,10,12,15.9
2142,95,10,13,15.98
2143,95,10,16,16.15
2144,95,10,17,16.03
2145,95,10,18,15.98
2146,95,10,19,15.85
2147,95,10,20,15.8
2148,95,10,23,15.88
2149,95,10,24,16.08
2150,95,10,25,15.98
2151,95,10,26,16.3
2152,95,10,27,16.35
2153,95,10,30,16.45
2154,95,10,31,16.58
2155,95,11,1,16.53
2156,95,11,2,16.83
2157,95,11,3,16.88
2158,95,11,6,16.78
2159,95,11,7,16.7
2160,95,11,8,16.75
2161,95,11,9,16.9
2162,95,11,10,16.83
2163,95,11,13,16.63
2164,95,11,14,16.58
2165,95,11,15,16.73
2166,95,11,16,16.78
2167,95,11,17,17.03
2168,95,11,20,16.8
2169,95,11,21,16.6
2170,95,11,22,16.9
2171,95,11,23,16.88
2172,95,11,24,16.93
2173,95,11,27,17.2
2174,95,11,28,17.25
2175,95,11,29,17.3
2176,95,11,30,17.13
2177,95,12,1,17.18
2178,95,12,4,17.35
2179,95,12,5,17.53
2180,95,12,6,17.55
2181,95,12,7,17.48
2182,95,12,8,17.73
2183,95,12,11,17.68
2184,95,12,12,17.48
2185,95,12,13,17.7
2186,95,12,14,17.9
2187,95,12,15,18.15
2188,95,12,18,18.33
2189,95,12,19,18.03
2190,95,12,20,18.05
2191,95,12,21,18.1
2192,95,12,22,18.18
2193,95,12,27,18.73
2194,95,12,28,18.78
2195,95,12,29,18.65
2196,96,1,2,18.95
2197,96,1,3,19.15
2198,96,1,4,19.13
2199,96,1,5,19.5
2200,96,1,8,19.68
2201,96,1,9,19.05
2202,96,1,10,18.48
2203,96,1,11,17.85
2204,96,1,12,17.58
2205,96,1,15,17.5
2206,96,1,16,17.73
2207,96,1,17,17.43
2208,96,1,18,17.88
2209,96,1,19,17.53
2210,96,1,22,17.53
2211,96,1,23,17.38
2212,96,1,24,17.33
2213,96,1,25,17.0
2214,96,1,26,16.7
2215,96,1,29,16.23
2216,96,1,30,16.53
2217,96,1,31,16.63
2218,96,2,1,16.78
2219,96,2,2,17.05
2220,96,2,5,16.93
2221,96,2,6,16.83
2222,96,2,7,16.93
2223,96,2,8,17.05
2224,96,2,9,17.23
2225,96,2,12,17.18
2226,96,2,13,18.08
2227,96,2,14,18.28
2228,96,2,15,18.18
2229,96,2,16,18.2
2230,96,2,19,18.2
2231,96,2,20,18.58
2232,96,2,21,19.05
2233,96,2,22,19.28
2234,96,2,23,18.85
2235,96,2,26,18.85
2236,96,2,27,19.0
2237,96,2,28,18.65
2238,96,2,29,18.8
2239,96,3,1,18.55
2240,96,3,4,18.4
2241,96,3,5,18.75
2242,96,3,6,19.18
2243,96,3,7,19.03
2244,96,3,8,18.85
2245,96,3,11,18.93
2246,96,3,12,19.3
2247,96,3,13,19.58
2248,96,3,14,19.4
2249,96,3,15,19.3
2250,96,3,18,20.5
2251,96,3,19,20.35
2252,96,3,20,20.38
2253,96,3,21,20.35
2254,96,3,22,21.15
2255,96,3,25,21.3
2256,96,3,26,21.68
2257,96,3,27,21.33
2258,96,3,28,20.25
2259,96,3,29,20.33
2260,96,4,1,20.8
2261,96,4,2,21.18
2262,96,4,3,20.93
2263,96,4,4,20.85
2264,96,4,9,21.43
2265,96,4,10,22.63
2266,96,4,11,23.9
2267,96,4,12,22.73
2268,96,4,15,22.68
2269,96,4,16,21.2
2270,96,4,17,19.88
2271,96,4,18,19.33
2272,96,4,19,19.53
2273,96,4,22,19.38
2274,96,4,23,20.88
2275,96,4,24,20.73
2276,96,4,25,20.35
2277,96,4,26,20.05
2278,96,4,29,20.05
2279,96,4,30,19.5
2280,96,5,1,18.95
2281,96,5,2,19.45
2282,96,5,3,19.38
2283,96,5,7,20.08
2284,96,5,8,19.85
2285,96,5,9,19.35
2286,96,5,10,19.23
2287,96,5,13,19.48
2288,96,5,14,19.63
2289,96,5,15,19.5
2290,96,5,16,18.63
2291,96,5,17,18.05
2292,96,5,20,18.63
2293,96,5,21,18.7
2294,96,5,22,19.4
2295,96,5,23,19.53
2296,96,5,24,19.73
2297,96,5,28,19.53
2298,96,5,29,18.95
2299,96,5,30,18.1
2300,96,5,31,18.1
2301,96,6,3,18.25
2302,96,6,4,18.5
2303,96,6,5,18.2
2304,96,6,6,18.18
2305,96,6,7,18.4
2306,96,6,10,18.48
2307,96,6,11,18.28
2308,96,6,12,18.23
2309,96,6,13,17.98
2310,96,6,14,17.83
2311,96,6,17,18.7
2312,96,6,18,18.8
2313,96,6,19,18.4
2314,96,6,20,18.43
2315,96,6,21,18.45
2316,96,6,24,18.38
2317,96,6,25,18.38
2318,96,6,26,18.6
2319,96,6,27,19.38
2320,96,6,28,19.28
2321,96,7,1,19.77
2322,96,7,2,19.43
2323,96,7,3,19.13
2324,96,7,4,19.77
2325,96,7,5,19.99
2326,96,7,8,19.62
2327,96,7,9,19.63
2328,96,7,10,19.8
2329,96,7,11,20.01
2330,96,7,12,19.93
2331,96,7,15,20.2
2332,96,7,16,20.3
2333,96,7,17,19.75
2334,96,7,18,19.95
2335,96,7,19,19.45
2336,96,7,22,19.23
2337,96,7,23,19.5
2338,96,7,24,19.36
2339,96,7,25,19.5
2340,96,7,26,18.92
2341,96,7,29,18.99
2342,96,7,30,18.9
2343,96,7,31,19.0
2344,96,8,1,18.84
2345,96,8,2,19.63
2346,96,8,5,19.65
2347,96,8,6,19.45
2348,96,8,7,19.48
2349,96,8,8,20.03
2350,96,8,9,20.05
2351,96,8,12,20.65
2352,96,8,13,21.03
2353,96,8,14,20.9
2354,96,8,15,20.88
2355,96,8,16,21.3
2356,96,8,19,21.58
2357,96,8,20,21.35
2358,96,8,21,20.8
2359,96,8,22,21.25
2360,96,8,23,20.78
2361,96,8,27,20.45
2362,96,8,28,20.68
2363,96,8,29,21.0
2364,96,8,30,20.98
2365,96,9,2,22.23
2366,96,9,3,21.9
2367,96,9,4,22.2
2368,96,9,5,22.15
2369,96,9,6,22.43
2370,96,9,9,22.25
2371,96,9,10,22.68
2372,96,9,11,23.3
2373,96,9,12,23.35
2374,96,9,13,23.83
2375,96,9,16,22.6
2376,96,9,17,21.7
2377,96,9,18,22.38
2378,96,9,19,22.08
2379,96,9,20,21.78
2380,96,9,23,22.15
2381,96,9,24,22.78
2382,96,9,25,23.05
2383,96,9,26,23.35
2384,96,9,27,22.9
2385,96,9,30,24.15
2386,96,10,1,23.18
2387,96,10,2,23.13
2388,96,10,3,23.63
2389,96,10,4,23.88
2390,96,10,7,24.28
2391,96,10,8,24.55
2392,96,10,9,24.58
2393,96,10,10,23.63
2394,96,10,11,23.85
2395,96,10,14,24.75
2396,96,10,15,24.58
2397,96,10,16,24.5
2398,96,10,17,24.83
2399,96,10,18,25.18
2400,96,10,21,25.08
2401,96,10,22,25.4
2402,96,10,23,24.6
2403,96,10,24,24.28
2404,96,10,25,24.13
2405,96,10,28,24.45
2406,96,10,29,23.3
2407,96,10,30,23.15
2408,96,10,31,22.8
2409,96,11,1,22.3
2410,96,11,4,22.1
2411,96,11,5,21.85
2412,96,11,6,21.85
2413,96,11,7,21.75
2414,96,11,8,22.4
2415,96,11,11,22.7
2416,96,11,12,22.38
2417,96,11,13,22.88
2418,96,11,14,23.18
2419,96,11,15,23.28
2420,96,11,18,22.75
2421,96,11,19,23.13
2422,96,11,20,23.4
2423,96,11,21,22.9
2424,96,11,22,23.86
2425,96,11,25,23.22
2426,96,11,26,22.78
2427,96,11,27,23.07
2428,96,11,28,23.0
2429,96,11,29,23.17
2430,96,12,2,23.5
2431,96,12,3,24.12
2432,96,12,4,24.21
2433,96,12,5,24.49
2434,96,12,6,24.56
2435,96,12,9,24.18
2436,96,12,10,23.74
2437,96,12,11,22.95
2438,96,12,12,22.65
2439,96,12,13,22.83
2440,96,12,16,23.98
2441,96,12,17,24.05
2442,96,12,18,23.69
2443,96,12,19,24.18
2444,96,12,20,23.96
2445,96,12,23,23.51
2446,96,12,24,23.66
2447,96,12,27,23.55
2448,96,12,30,23.95
2449,96,12,31,23.9
2450,97,1,2,24.45
2451,97,1,3,24.19
2452,97,1,6,24.76
2453,97,1,7,24.76
2454,97,1,8,24.78
2455,97,1,9,24.83
2456,97,1,10,24.22
2457,97,1,13,23.41
2458,97,1,15,23.31
2459,97,1,16,23.31
2460,97,1,17,22.87
2461,97,1,20,22.86
2462,97,1,21,22.98
2463,97,1,22,22.93
2464,97,1,23,22.93
2465,97,1,24,22.8
2466,97,1,27,22.56
2467,97,1,28,22.62
2468,97,1,29,23.01
2469,97,1,30,23.43
2470,97,1,31,23.28
2471,97,2,3,22.91
2472,97,2,4,22.65
2473,97,2,5,22.69
2474,97,2,6,21.86
2475,97,2,10,20.73
2476,97,2,11,21.25
2477,97,2,12,21.15
2478,97,2,13,20.47
2479,97,2,14,20.56
2480,97,2,17,20.48
2481,97,2,18,20.56
2482,97,2,19,20.98
2483,97,2,20,20.57
2484,97,2,21,20.13
2485,97,2,24,19.87
2486,97,2,25,20.08
2487,97,2,26,19.82
2488,97,2,27,19.96
2489,97,2,28,19.44
2490,97,3,3,19.1
2491,97,3,4,19.4
2492,97,3,5,19.38
2493,97,3,6,19.55
2494,97,3,10,19.21
2495,97,3,11,18.57
2496,97,3,12,18.98
2497,97,3,13,19.3
2498,97,3,14,19.44
2499,97,3,17,18.98
2500,97,3,18,19.54
2501,97,3,19,20.0
2502,97,3,20,19.62
2503,97,3,21,19.39
2504,97,3,24,18.93
2505,97,3,25,18.77
2506,97,3,26,18.91
2507,97,3,27,18.53
2508,97,3,28,18.53
2509,97,3,31,18.53
2510,97,4,1,18.15
2511,97,4,2,17.97
2512,97,4,3,17.28
2513,97,4,4,17.25
2514,97,4,7,16.92
2515,97,4,8,16.98
2516,97,4,9,17.02
2517,97,4,10,17.25
2518,97,4,11,17.54
2519,97,4,14,17.61
2520,97,4,15,17.53
2521,97,4,16,17.24
2522,97,4,17,17.0
2523,97,4,18,17.26
2524,97,4,21,17.74
2525,97,4,22,17.72
2526,97,4,23,17.46
2527,97,4,24,17.8
2528,97,4,25,18.07
2529,97,4,28,17.92
2530,97,4,29,18.27
2531,97,4,30,18.25
2532,97,5,1,18.24
2533,97,5,2,17.7
2534,97,5,5,17.72
2535,97,5,6,17.82
2536,97,5,7,17.84
2537,97,5,8,18.32
2538,97,5,9,18.62
2539,97,5,12,19.42
2540,97,5,13,19.4
2541,97,5,14,19.1
2542,97,5,15,19.4
2543,97,5,16,19.77
2544,97,5,19,19.92
2545,97,5,20,19.75
2546,97,5,21,19.7
2547,97,5,22,20.03
2548,97,5,23,20.15
2549,97,5,27,19.33
2550,97,5,28,18.88
2551,97,5,29,19.38
2552,97,5,30,18.99
2553,97,6,2,19.17
2554,97,6,3,18.59
2555,97,6,4,18.36
2556,97,6,5,17.96
2557,97,6,6,17.43
2558,97,6,9,17.08
2559,97,6,10,17.01
2560,97,6,11,16.69
2561,97,6,12,16.79
2562,97,6,13,16.83
2563,97,6,16,17.15
2564,97,6,17,17.55
2565,97,6,18,17.22
2566,97,6,19,17.34
2567,97,6,20,17.09
2568,97,6,23,17.8
2569,97,6,24,17.65
2570,97,6,25,17.65
2571,97,6,26,17.6
2572,97,6,27,18.0
2573,97,6,30,18.22
2574,97,7,2,18.83
2575,97,7,3,18.18
2576,97,7,7,18.28
2577,97,7,9,18.25
2578,97,7,10,18.16
2579,97,7,11,18.0
2580,97,7,14,17.79
2581,97,7,15,18.19
2582,97,7,16,18.27
2583,97,7,17,18.83
2584,97,7,18,18.21
2585,97,7,21,18.23
2586,97,7,22,18.47
2587,97,7,23,18.71
2588,97,7,24,18.66
2589,97,7,25,18.77
2590,97,7,28,18.76
2591,97,7,29,18.74
2592,97,7,30,19.02
2593,97,7,31,18.94
2594,97,8,1,19.33
2595,97,8,4,19.64
2596,97,8,5,19.51
2597,97,8,6,19.21
2598,97,8,7,18.94
2599,97,8,8,18.56
2600,97,8,11,18.21
2601,97,8,12,18.56
2602,97,8,13,18.63
2603,97,8,14,19.0
2604,97,8,15,18.77
2605,97,8,18,18.41
2606,97,8,19,18.88
2607,97,8,20,18.83
2608,97,8,21,18.26
2609,97,8,25,17.87
2610,97,8,26,17.58
2611,97,8,27,17.83
2612,97,8,28,17.91
2613,97,8,29,17.98
2614,97,9,2,18.22
2615,97,9,3,18.12
2616,97,9,4,17.92
2617,97,9,5,18.15
2618,97,9,8,18.03
2619,97,9,9,18.18
2620,97,9,10,18.08
2621,97,9,11,18.21
2622,97,9,12,18.06
2623,97,9,15,18.05
2624,97,9,16,18.4
2625,97,9,17,18.21
2626,97,9,18,18.14
2627,97,9,19,18.32
2628,97,9,22,18.65
2629,97,9,23,18.57
2630,97,9,24,18.52
2631,97,9,25,19.05
2632,97,9,26,19.36
2633,97,9,29,19.48
2634,97,9,30,19.96
2635,97,10,1,19.87
2636,97,10,2,20.08
2637,97,10,3,21.29
2638,97,10,6,20.94
2639,97,10,7,20.71
2640,97,10,8,20.79
2641,97,10,9,20.6
2642,97,10,10,20.73
2643,97,10,13,20.08
2644,97,10,14,19.4
2645,97,10,15,19.27
2646,97,10,16,19.56
2647,97,10,17,19.43
2648,97,10,20,19.29
2649,97,10,21,19.3
2650,97,10,22,19.86
2651,97,10,23,19.89
2652,97,10,24,19.45
2653,97,10,27,19.63
2654,97,10,28,18.86
2655,97,10,29,19.0
2656,97,10,30,19.45
2657,97,10,31,19.42
2658,97,11,3,19.48
2659,97,11,4,19.1
2660,97,11,5,18.93
2661,97,11,6,18.97
2662,97,11,7,19.24
2663,97,11,10,19.14
2664,97,11,12,19.26
2665,97,11,13,19.71
2666,97,11,14,20.24
2667,97,11,17,19.54
2668,97,11,18,19.39
2669,97,11,19,19.41
2670,97,11,20,18.82
2671,97,11,21,18.83
2672,97,11,24,19.01
2673,97,11,25,19.14
2674,97,11,26,18.5
2675,97,11,27,18.64
2676,97,11,28,18.96
2677,97,12,1,18.01
2678,97,12,2,18.04
2679,97,12,3,17.94
2680,97,12,4,17.7
2681,97,12,5,17.91
2682,97,12,8,17.87
2683,97,12,9,17.57
2684,97,12,10,17.08
2685,97,12,11,16.98
2686,97,12,12,17.12
2687,97,12,15,16.89
2688,97,12,16,16.8
2689,97,12,17,16.98
2690,97,12,18,17.34
2691,97,12,19,17.2
2692,97,12,22,17.04
2693,97,12,23,17.09
2694,97,12,24,17.04
2695,97,12,29,16.35
2696,97,12,30,16.01
2697,97,12,31,15.86
2698,98,1,2,15.77
2699,98,1,5,15.29
2700,98,1,6,15.48
2701,98,1,7,15.33
2702,98,1,8,15.47
2703,98,1,9,15.33
2704,98,1,12,15.07
2705,98,1,13,15.08
2706,98,1,14,14.81
2707,98,1,15,14.75
2708,98,1,16,14.89
2709,98,1,19,15.38
2710,98,1,20,14.95
2711,98,1,21,14.67
2712,98,1,22,14.35
2713,98,1,23,14.26
2714,98,1,26,14.79
2715,98,1,27,15.74
2716,98,1,28,15.64
2717,98,1,29,16.28
2718,98,1,30,15.59
2719,98,2,2,15.28
2720,98,2,3,14.87
2721,98,2,4,14.56
2722,98,2,5,14.83
2723,98,2,6,15.05
2724,98,2,9,14.77
2725,98,2,10,14.6
2726,98,2,11,14.35
2727,98,2,12,14.04
2728,98,2,13,14.05
2729,98,2,16,13.5
2730,98,2,17,13.5
2731,98,2,18,13.46
2732,98,2,19,14.02
2733,98,2,20,13.91
2734,98,2,23,13.26
2735,98,2,24,13.08
2736,98,2,25,13.35
2737,98,2,26,13.38
2738,98,2,27,13.53
2739,98,3,2,13.37
2740,98,3,3,13.18
2741,98,3,4,13.09
2742,98,3,5,13.18
2743,98,3,6,12.85
2744,98,3,9,12.24
2745,98,3,10,12.36
2746,98,3,11,12.41
2747,98,3,12,12.3
2748,98,3,13,12.25
2749,98,3,16,11.74
2750,98,3,17,11.05
2751,98,3,18,12.21
2752,98,3,19,12.41
2753,98,3,20,12.35
2754,98,3,23,14.53
2755,98,3,24,14.02
2756,98,3,25,14.41
2757,98,3,26,15.18
2758,98,3,27,14.92
2759,98,3,30,14.35
2760,98,3,31,13.87
2761,98,4,1,13.72
2762,98,4,2,13.38
2763,98,4,3,13.63
2764,98,4,6,13.13
2765,98,4,7,12.82
2766,98,4,8,12.79
2767,98,4,9,13.23
2768,98,4,14,13.15
2769,98,4,15,13.31
2770,98,4,16,13.68
2771,98,4,17,14.06
2772,98,4,20,13.82
2773,98,4,21,13.95
2774,98,4,22,13.71
2775,98,4,23,13.42
2776,98,4,24,13.32
2777,98,4,27,13.65
2778,98,4,28,13.88
2779,98,4,29,14.09
2780,98,4,30,13.79
2781,98,5,1,14.6
2782,98,5,5,14.13
2783,98,5,6,13.91
2784,98,5,7,13.81
2785,98,5,8,13.94
2786,98,5,11,14.41
2787,98,5,12,14.75
2788,98,5,13,14.15
2789,98,5,14,14.29
2790,98,5,15,14.33
2791,98,5,18,14.72
2792,98,5,19,14.87
2793,98,5,20,14.58
2794,98,5,21,14.29
2795,98,5,22,14.33
2796,98,5,26,14.27
2797,98,5,27,14.78
2798,98,5,28,14.71
2799,98,5,29,14.03
2800,98,6,1,13.66
2801,98,6,2,13.62
2802,98,6,3,13.23
2803,98,6,4,13.71
2804,98,6,5,13.95
2805,98,6,8,13.56
2806,98,6,9,12.76
2807,98,6,10,12.23
2808,98,6,11,12.12
2809,98,6,12,11.62
2810,98,6,15,10.77
2811,98,6,16,10.77
2812,98,6,17,11.3
2813,98,6,18,10.88
2814,98,6,19,10.89
2815,98,6,22,11.23
2816,98,6,23,12.09
2817,98,6,24,12.5
2818,98,6,25,11.94
2819,98,6,26,12.04
2820,98,6,29,11.83
2821,98,6,30,11.84
2822,98,7,1,11.93
2823,98,7,2,11.95
2824,98,7,3,11.79
2825,98,7,6,11.7
2826,98,7,7,11.66
2827,98,7,8,11.71
2828,98,7,9,11.61
2829,98,7,10,11.61
2830,98,7,13,11.56
2831,98,7,14,11.83
2832,98,7,15,11.79
2833,98,7,16,12.65
2834,98,7,17,12.38
2835,98,7,20,12.11
2836,98,7,21,12.01
2837,98,7,22,12.21
2838,98,7,23,12.23
2839,98,7,24,12.05
2840,98,7,27,12.53
2841,98,7,28,12.74
2842,98,7,29,12.6
2843,98,7,30,12.55
2844,98,7,31,12.63
2845,98,8,3,12.04
2846,98,8,4,12.03
2847,98,8,5,12.32
2848,98,8,6,12.08
2849,98,8,7,12.05
2850,98,8,10,11.62
2851,98,8,11,11.16
2852,98,8,12,11.24
2853,98,8,13,11.48
2854,98,8,14,11.46
2855,98,8,17,11.93
2856,98,8,18,11.87
2857,98,8,19,11.99
2858,98,8,20,12.21
2859,98,8,21,12.02
2860,98,8,24,12.15
2861,98,8,25,12.43
2862,98,8,26,12.24
2863,98,8,27,11.9
2864,98,8,28,12.06
2865,98,9,1,12.11
2866,98,9,2,12.05
2867,98,9,3,12.54
2868,98,9,4,12.96
2869,98,9,7,12.51
2870,98,9,8,12.53
2871,98,9,9,12.53
2872,98,9,10,12.82
2873,98,9,11,12.66
2874,98,9,14,12.47
2875,98,9,15,12.61
2876,98,9,16,12.65
2877,98,9,17,12.97
2878,98,9,18,13.92
2879,98,9,21,14.31
2880,98,9,22,14.36
2881,98,9,23,14.67
2882,98,9,24,14.84
2883,98,9,25,14.55
2884,98,9,28,14.41
2885,98,9,29,14.38
2886,98,9,30,14.71
2887,98,10,1,14.46
2888,98,10,2,14.21
2889,98,10,5,14.1
2890,98,10,6,13.98
2891,98,10,7,13.88
2892,98,10,8,13.23
2893,98,10,9,12.87
2894,98,10,12,13.18
2895,98,10,13,12.73
2896,98,10,14,12.26
2897,98,10,15,11.98
2898,98,10,16,12.11
2899,98,10,19,11.6
2900,98,10,20,11.29
2901,98,10,21,11.94
2902,98,10,22,11.68
2903,98,10,23,12.18
2904,98,10,26,12.74
2905,98,10,27,12.46
2906,98,10,28,12.26
2907,98,10,29,12.31
2908,98,10,30,12.0
2909,98,11,2,12.43
2910,98,11,3,11.93
2911,98,11,4,11.88
2912,98,11,5,11.73
2913,98,11,6,11.51
2914,98,11,9,11.15
2915,98,11,10,11.18
2916,98,11,11,11.45
2917,98,11,12,11.56
2918,98,11,13,11.46
2919,98,11,16,11.1
2920,98,11,17,10.62
2921,98,11,18,10.25
2922,98,11,19,10.45
2923,98,11,20,10.4
2924,98,11,23,10.54
2925,98,11,24,10.58
2926,98,11,25,10.51
2927,98,11,26,10.41
2928,98,11,27,10.77
2929,98,11,30,9.91
2930,98,12,1,9.87
2931,98,12,2,9.71
2932,98,12,3,10.05
2933,98,12,4,9.73
2934,98,12,7,9.7
2935,98,12,8,9.68
2936,98,12,9,9.46
2937,98,12,10,9.1
2938,98,12,11,9.26
2939,98,12,14,9.45
2940,98,12,15,9.57
2941,98,12,16,10.87
2942,98,12,17,9.92
2943,98,12,18,9.62
2944,98,12,21,9.45
2945,98,12,22,9.83
2946,98,12,23,9.91
2947,98,12,24,9.91
2948,98,12,29,10.23
2949,98,12,30,10.45
2950,98,12,31,10.54
2951,99,1,4,10.94
2952,99,1,5,10.3
2953,99,1,6,10.67
2954,99,1,7,11.08
2955,99,1,8,11.7
2956,99,1,11,12.07
2957,99,1,12,11.78
2958,99,1,13,10.9
2959,99,1,14,11.1
2960,99,1,15,10.97
2961,99,1,18,10.81
2962,99,1,19,11.19
2963,99,1,20,10.85
2964,99,1,21,11.14
2965,99,1,22,11.23
2966,99,1,25,11.21
2967,99,1,26,10.84
2968,99,1,27,11.03
2969,99,1,28,11.14
2970,99,1,29,11.34
2971,99,2,1,10.81
2972,99,2,2,10.39
2973,99,2,3,10.78
2974,99,2,4,10.42
2975,99,2,5,10.18
2976,99,2,8,9.97
2977,99,2,9,9.77
2978,99,2,10,9.88
2979,99,2,11,9.82
2980,99,2,12,9.97
2981,99,2,16,9.98
2982,99,2,17,10.09
2983,99,2,18,9.93
2984,99,2,19,10.29
2985,99,2,22,10.24
2986,99,2,23,10.58
2987,99,2,24,10.64
2988,99,2,25,10.84
2989,99,2,26,10.58
2990,99,3,1,10.52
2991,99,3,2,10.41
2992,99,3,3,10.81
2993,99,3,4,11.2
2994,99,3,5,11.02
2995,99,3,8,11.49
2996,99,3,9,11.25
2997,99,3,10,11.46
2998,99,3,11,11.86
2999,99,3,12,12.3
3000,99,3,15,12.17
3001,99,3,16,12.11
3002,99,3,17,12.95
3003,99,3,18,13.35
3004,99,3,19,13.15
3005,99,3,22,13.37
3006,99,3,23,13.64
3007,99,3,24,13.37
3008,99,3,25,13.5
3009,99,3,26,13.97
3010,99,3,29,14.34
3011,99,3,30,14.5
3012,99,3,31,15.02
3013,99,4,1,14.6
3014,99,4,6,14.53
3015,99,4,7,14.14
3016,99,4,8,13.72
3017,99,4,9,14.11
3018,99,4,12,14.23
3019,99,4,13,14.68
3020,99,4,14,14.45
3021,99,4,15,14.82
3022,99,4,16,15.34
3023,99,4,19,16.01
3024,99,4,20,16.04
3025,99,4,21,15.96
3026,99,4,22,16.29
3027,99,4,23,16.07
3028,99,4,26,15.63
3029,99,4,27,15.91
3030,99,4,28,16.38
3031,99,4,29,16.53
3032,99,4,30,16.45
3033,99,5,4,16.98
3034,99,5,5,16.85
3035,99,5,6,16.44
3036,99,5,7,15.66
3037,99,5,10,15.72
3038,99,5,11,15.23
3039,99,5,12,14.74
3040,99,5,13,15.21
3041,99,5,14,15.18
3042,99,5,17,14.98
3043,99,5,18,14.43
3044,99,5,19,14.42
3045,99,5,20,14.44
3046,99,5,21,14.49
3047,99,5,24,14.83
3048,99,5,25,14.71
3049,99,5,26,15.18
3050,99,5,27,15.04
3051,99,5,28,14.75
3052,99,6,1,14.22
3053,99,6,2,14.28
3054,99,6,3,14.26
3055,99,6,4,15.21
3056,99,6,7,15.98
3057,99,6,8,16.25
3058,99,6,9,16.19
3059,99,6,10,15.99
3060,99,6,11,16.25
3061,99,6,14,16.05
3062,99,6,15,16.33
3063,99,6,16,16.29
3064,99,6,17,16.0
3065,99,6,18,15.93
3066,99,6,21,15.64
3067,99,6,22,15.91
3068,99,6,23,16.04
3069,99,6,24,16.28
3070,99,6,25,16.27
3071,99,6,28,16.27
3072,99,6,29,16.38
3073,99,6,30,16.97
3074,99,7,1,17.25
3075,99,7,2,17.55
3076,99,7,6,18.47
3077,99,7,7,18.36
3078,99,7,8,18.74
3079,99,7,9,18.9
3080,99,7,12,18.94
3081,99,7,13,19.49
3082,99,7,14,19.48
3083,99,7,15,18.9
3084,99,7,16,19.42
3085,99,7,19,19.75
3086,99,7,20,19.33
3087,99,7,21,18.62
3088,99,7,22,19.01
3089,99,7,23,19.69
3090,99,7,26,19.73
3091,99,7,27,19.46
3092,99,7,28,19.65
3093,99,7,29,19.97
3094,99,7,30,19.97
3095,99,8,2,19.21
3096,99,8,3,19.32
3097,99,8,4,19.38
3098,99,8,5,19.64
3099,99,8,6,19.66
3100,99,8,9,19.34
3101,99,8,10,20.18
3102,99,8,11,20.58
3103,99,8,12,20.32
3104,99,8,13,20.61
3105,99,8,16,20.68
3106,99,8,17,20.61
3107,99,8,18,20.69
3108,99,8,19,20.92
3109,99,8,20,21.11
3110,99,8,23,20.96
3111,99,8,24,20.48
3112,99,8,25,19.71
3113,99,8,26,19.8
3114,99,8,27,20.32
3115,99,8,31,21.08
3116,99,9,1,21.1
3117,99,9,2,20.66
3118,99,9,3,20.74
3119,99,9,6,21.14
3120,99,9,7,21.71
3121,99,9,8,21.96
3122,99,9,9,22.51
3123,99,9,10,22.36
3124,99,9,13,22.98
3125,99,9,14,23.18
3126,99,9,15,23.25
3127,99,9,16,23.06
3128,99,9,17,22.93
3129,99,9,20,22.85
3130,99,9,21,22.68
3131,99,9,22,22.49
3132,99,9,23,23.41
3133,99,9,24,23.66
3134,99,9,27,23.6
3135,99,9,28,23.24
3136,99,9,29,23.46
3137,99,9,30,22.98
3138,99,10,1,22.98
3139,99,10,4,23.3
3140,99,10,5,22.64
3141,99,10,6,23.07
3142,99,10,7,22.33
3143,99,10,8,20.78
3144,99,10,11,20.84
3145,99,10,12,21.89
3146,99,10,13,22.26
3147,99,10,14,22.28
3148,99,10,15,21.65
3149,99,10,18,22.26
3150,99,10,19,21.59
3151,99,10,20,21.02
3152,99,10,21,21.68
3153,99,10,22,22.38
3154,99,10,25,22.45
3155,99,10,26,22.14
3156,99,10,27,22.18
3157,99,10,28,21.22
3158,99,10,29,21.11
3159,99,11,1,21.32
3160,99,11,2,21.98
3161,99,11,3,22.38
3162,99,11,4,22.64
3163,99,11,5,22.8
3164,99,11,8,23.62
3165,99,11,9,24.44
3166,99,11,10,25.42
3167,99,11,11,24.96
3168,99,11,12,25.39
3169,99,11,15,25.93
3170,99,11,16,24.88
3171,99,11,17,24.98
3172,99,11,18,25.02
3173,99,11,19,25.14
3174,99,11,22,25.86
3175,99,11,23,25.66
3176,99,11,24,25.77
3177,99,11,25,25.94
3178,99,11,26,25.85
3179,99,11,29,25.67
3180,99,11,30,25.2
3181,99,12,1,24.2
3182,99,12,2,25.52
3183,99,12,3,26.17
3184,99,12,6,26.46
3185,99,12,7,26.1
3186,99,12,8,25.45
3187,99,12,9,25.85
3188,99,12,10,24.86
3189,99,12,13,24.31
3190,99,12,14,24.88
3191,99,12,15,25.68
3192,99,12,16,26.09
3193,99,12,17,26.22
3194,99,12,20,25.98
3195,99,12,21,25.51
3196,99,12,22,25.04
3197,99,12,23,25.11
3198,99,12,29,25.63
3199,99,12,30,24.93
